<beans xmlns="http://www.springframework.org/schema/beans"
	xmlns:xsi="http://www.w3.org/2001/XMLSchema-instance"
	xmlns:context="http://www.springframework.org/schema/context"
	xmlns:aop="http://www.springframework.org/schema/aop"
	xmlns:jdbc="http://www.springframework.org/schema/jdbc"
	xmlns:mybatis-spring="http://mybatis.org/schema/mybatis-spring"
	xsi:schemaLocation="http://www.springframework.org/schema/jdbc http://www.springframework.org/schema/jdbc/spring-jdbc-4.2.xsd
		http://mybatis.org/schema/mybatis-spring http://mybatis.org/schema/mybatis-spring-1.2.xsd
		http://www.springframework.org/schema/beans http://www.springframework.org/schema/beans/spring-beans-4.2.xsd
		http://www.springframework.org/schema/context http://www.springframework.org/schema/context/spring-context-4.2.xsd
		http://www.springframework.org/schema/aop http://www.springframework.org/schema/aop/spring-aop-4.2.xsd">

	<!-- 加载外部的连接数据库的配置文件: -->
		<context:property-placeholder location="classpath:jdbc.properties" />

	<!-- 配置数据库连接池: -->
		<bean id="dataSource" class="com.mchange.v2.c3p0.ComboPooledDataSource"> <!-- new ComboPooledDataSource() -->
			<property name="driverClass" value="${jdbc.driverClass}" /> <!-- 使用外部的数据库配置文件中的数据为当前属性注入值(dataSource.setDriverClass(driverClass)) -->
			<property name="jdbcUrl" value="${jdbc.url}" />
			<property name="user" value="${jdbc.username}" />
			<property name="password" value="${jdbc.password}" />
		</bean>

	<!-- 配置sqlSessionFactory: -->
		<bean id="sqlSessionFactory" class="org.mybatis.spring.SqlSessionFactoryBean"> <!-- new SqlSessionFactoryBean() -->
			<property name="dataSource" ref="dataSource" /> <!-- 注入数据源(sqlSessionFactoryBean.setDataSource(dataSource)) -->
			<property name="configLocation" value="classpath:mybatis/sqlMapConfig.xml" /> <!-- 原先在sqlMapConfig.xml中配置的信息现在可以在spring中进行配置 -->
			<property name="typeAliasesPackage" value="cn.hjsx.pojo" /> <!-- 配置包扫描,为所有的pojo起别名 -->
		</bean>

	<!-- mapper扫描: --> 
		<bean class="org.mybatis.spring.mapper.MapperScannerConfigurer"> <!-- 扫描指定的包,为mapper接口生成对应的代理对象并保存到spring容器中  -->
			<property name="basePackage" value="cn.hjsx.mapper" />
		</bean>

</beans>